1,Lunch
1,Dinner
1,Snack
2,Breakfast
2,Lunch
2,Dinner
2,Snack
3,Breakfast
3,Lunch
3,Snack
4,Breakfast
4,Lunch
4,Dinner
4,Snack
5,Breakfast
5,Lunch
5,Dinner
5,Snack
6,Breakfast
6,Dinner
7,Lunch
7,Dinner
7,Snack
8,Breakfast
8,Lunch
8,Dinner
8,Snack
9,Breakfast
9,Snack
10,Breakfast
10,Lunch
10,Dinner
10,Snack
11,Breakfast
11,Lunch
11,Dinner
11,Snack
12,Breakfast
12,Dinner
13,Breakfast
13,Lunch
13,Dinner
13,Snack
14,Breakfast
14,Lunch
14,Dinner
14,Snack
15,Breakfast
15,Lunch
15,Dinner
15,Snack
16,Breakfast
16,Lunch
16,Dinner
17,Breakfast
17,Lunch
17,Dinner
17,Snack
18,Lunch
18,Snack
19,Breakfast
19,Lunch
19,Dinner
20,Breakfast
20,Lunch
20,Dinner
20,Snack
21,Breakfast
21,Lunch
21,Snack
22,Lunch
22,Dinner
23,Breakfast
23,Lunch
23,Dinner
23,Snack
24,Breakfast
24,Dinner
24,Snack
25,Breakfast
25,Lunch
25,Dinner
25,Snack
26,Lunch
26,Dinner
27,Breakfast
27,Lunch
27,Dinner
27,Snack
28,Breakfast
28,Lunch
28,Dinner
28,Snack
29,Breakfast
29,Lunch
29,Dinner
29,Snack
30,Breakfast
30,Lunch
30,Snack
31,Breakfast
31,Lunch
31,Dinner
31,Snack
32,Breakfast
32,Lunch
32,Dinner
32,Snack
33,Lunch
33,Dinner
33,Snack
34,Breakfast
34,Lunch
34,Dinner
34,Snack
35,Breakfast
35,Lunch
35,Dinner
36,Breakfast
36,Lunch
36,Snack
37,Breakfast
37,Lunch
37,Dinner
37,Snack
38,Lunch
38,Dinner
39,Breakfast
39,Dinner
39,Snack
40,Breakfast
40,Lunch
40,Dinner
40,Snack
41,Breakfast
41,Lunch
41,Snack
42,Breakfast
42,Lunch
42,Dinner
43,Lunch
43,Dinner
44,Breakfast
44,Lunch
44,Snack
45,Breakfast
45,Lunch
45,Snack
46,Breakfast
46,Lunch
46,Dinner
46,Snack
47,Lunch
47,Dinner
47,Snack
48,Breakfast
48,Lunch
48,Dinner
48,Snack
49,Lunch
49,Snack
50,Breakfast
50,Lunch
50,Snack
51,Lunch
51,Snack
52,Breakfast
52,Dinner
53,Breakfast
53,Dinner
54,Dinner
54,Snack
55,Dinner
56,Lunch
57,Breakfast
57,Lunch
57,Dinner
57,Snack
58,Breakfast
58,Lunch
58,Dinner
59,Breakfast
59,Dinner
60,Breakfast
60,Lunch
60,Dinner
60,Snack
61,Dinner
62,Breakfast
62,Lunch
62,Dinner
62,Snack
63,Breakfast
63,Lunch
63,Dinner
64,Breakfast
64,Lunch
64,Dinner
65,Breakfast
65,Dinner
66,Breakfast
66,Lunch
66,Dinner
67,Breakfast
67,Lunch
67,Dinner
67,Snack
68,Dinner
68,Snack
69,Breakfast
69,Dinner
69,Snack
70,Breakfast
70,Lunch
70,Dinner
70,Snack
71,Breakfast
71,Dinner
71,Snack
72,Breakfast
72,Lunch
72,Dinner
72,Snack
73,Breakfast
73,Lunch
73,Dinner
74,Breakfast
74,Lunch
74,Dinner
74,Snack
75,Lunch
75,Snack
76,Breakfast
76,Dinner
76,Snack
77,Breakfast
77,Lunch
77,Snack
78,Lunch
78,Dinner
78,Snack
79,Breakfast
79,Lunch
79,Dinner
79,Snack
80,Breakfast
80,Lunch
80,Snack
81,Breakfast
81,Lunch
81,Dinner
81,Snack
82,Breakfast
82,Snack
83,Lunch
83,Dinner
83,Snack
84,Breakfast
84,Lunch
84,Dinner
84,Snack
85,Breakfast
85,Lunch
85,Dinner
86,Breakfast
86,Lunch
86,Snack
87,Breakfast
87,Lunch
87,Dinner
89,Breakfast
89,Dinner
89,Snack
90,Breakfast
90,Lunch
90,Dinner
90,Snack
91,Lunch
91,Dinner
91,Snack
92,Breakfast
92,Lunch
92,Dinner
93,Breakfast
93,Lunch
93,Snack
94,Breakfast
94,Lunch
94,Snack
95,Breakfast
95,Lunch
95,Snack
96,Lunch
96,Dinner
96,Snack
97,Breakfast
97,Lunch
97,Snack
98,Breakfast
98,Lunch
98,Dinner
98,Snack
99,Breakfast
99,Lunch
99,Dinner
99,Snack
100,Breakfast
100,Lunch
100,Dinner
100,Snack
101,Breakfast
101,Lunch
101,Dinner
101,Snack
102,Lunch
102,Snack
103,Breakfast
103,Lunch
103,Dinner
103,Snack
104,Breakfast
104,Dinner
104,Snack
105,Breakfast
105,Lunch
105,Dinner
106,Breakfast
106,Lunch
106,Dinner
106,Snack
107,Breakfast
107,Lunch
108,Breakfast
108,Lunch
108,Dinner
108,Snack
109,Breakfast
109,Lunch
109,Dinner
110,Breakfast
110,Lunch
110,Dinner
110,Snack
111,Dinner
111,Snack
112,Breakfast
112,Snack
113,Breakfast
113,Lunch
113,Dinner
114,Breakfast
114,Dinner
114,Snack
115,Breakfast
115,Lunch
115,Dinner
116,Breakfast
116,Snack
117,Breakfast
117,Snack
118,Breakfast
118,Lunch
118,Dinner
119,Lunch
119,Dinner
119,Snack
120,Breakfast
120,Dinner
120,Snack
121,Breakfast
121,Lunch
121,Dinner
122,Breakfast
122,Lunch
122,Dinner
122,Snack
123,Breakfast
123,Lunch
123,Dinner
124,Breakfast
124,Lunch
124,Snack
125,Lunch
125,Snack
126,Breakfast
126,Lunch
126,Dinner
126,Snack
127,Breakfast
127,Dinner
127,Snack
128,Lunch
128,Dinner
128,Snack
129,Breakfast
129,Lunch
129,Dinner
129,Snack
130,Breakfast
130,Dinner
130,Snack
131,Breakfast
131,Dinner
131,Snack
132,Breakfast
132,Lunch
132,Dinner
132,Snack
133,Breakfast
133,Lunch
133,Dinner
133,Snack
134,Lunch
134,Dinner
134,Snack
135,Breakfast
135,Dinner
135,Snack
136,Breakfast
136,Lunch
137,Breakfast
137,Lunch
137,Dinner
137,Snack
138,Breakfast
138,Lunch
138,Dinner
138,Snack
139,Breakfast
139,Lunch
139,Dinner
140,Breakfast
140,Lunch
140,Dinner
140,Snack
141,Breakfast
141,Lunch
141,Dinner
142,Lunch
142,Dinner
142,Snack
143,Breakfast
143,Lunch
143,Snack
144,Breakfast
144,Lunch
144,Dinner
144,Snack
145,Breakfast
145,Lunch
145,Dinner
145,Snack
146,Breakfast
146,Dinner
146,Snack
147,Breakfast
147,Lunch
148,Breakfast
148,Lunch
148,Dinner
149,Breakfast
149,Lunch
149,Dinner
149,Snack
150,Breakfast
150,Lunch
150,Dinner
151,Breakfast
151,Dinner
151,Snack
152,Lunch
152,Dinner
153,Breakfast
153,Lunch
153,Dinner
153,Snack
154,Breakfast
154,Dinner
154,Snack
155,Breakfast
155,Snack
156,Breakfast
156,Lunch
157,Lunch
157,Dinner
157,Snack
158,Breakfast
158,Lunch
158,Snack
159,Breakfast
159,Lunch
159,Dinner
159,Snack
160,Breakfast
160,Dinner
161,Breakfast
161,Lunch
161,Dinner
161,Snack
162,Lunch
162,Dinner
163,Breakfast
163,Lunch
163,Dinner
164,Breakfast
164,Snack
165,Breakfast
165,Dinner
165,Snack
166,Lunch
166,Dinner
166,Snack
167,Breakfast
167,Lunch
167,Dinner
168,Breakfast
168,Lunch
168,Dinner
169,Lunch
169,Dinner
169,Snack
170,Breakfast
170,Lunch
170,Dinner
171,Breakfast
171,Dinner
172,Breakfast
172,Lunch
172,Dinner
172,Snack
173,Lunch
173,Dinner
174,Breakfast
174,Lunch
174,Snack
175,Breakfast
175,Lunch
175,Dinner
176,Lunch
176,Snack
177,Breakfast
177,Snack
178,Breakfast
178,Lunch
178,Dinner
178,Snack
179,Breakfast
179,Lunch
179,Dinner
180,Breakfast
180,Lunch
180,Dinner
180,Snack
181,Breakfast
181,Dinner
181,Snack
182,Breakfast
182,Dinner
182,Snack
183,Breakfast
183,Lunch
183,Dinner
183,Snack
184,Breakfast
184,Lunch
184,Dinner
185,Breakfast
185,Lunch
185,Dinner
185,Snack
186,Breakfast
186,Lunch
186,Dinner
186,Snack
187,Lunch
188,Breakfast
188,Lunch
188,Dinner
189,Breakfast
189,Dinner
190,Breakfast
190,Lunch
190,Dinner
190,Snack
191,Breakfast
191,Lunch
191,Dinner
191,Snack
192,Breakfast
192,Lunch
193,Breakfast
193,Lunch
193,Dinner
193,Snack
194,Breakfast
194,Lunch
194,Dinner
194,Snack
195,Breakfast
195,Dinner
196,Breakfast
197,Lunch
197,Dinner
197,Snack
198,Breakfast
198,Lunch
198,Dinner
198,Snack
199,Breakfast
199,Lunch
199,Dinner
199,Snack
200,Breakfast
200,Lunch
200,Dinner
200,Snack
201,Breakfast
201,Lunch
201,Snack
202,Breakfast
202,Dinner
202,Snack
203,Breakfast
203,Lunch
203,Dinner
203,Snack
204,Breakfast
204,Lunch
204,Dinner
205,Breakfast
205,Dinner
205,Snack
206,Breakfast
206,Dinner
206,Snack
207,Breakfast
207,Lunch
207,Dinner
207,Snack
208,Breakfast
208,Lunch
208,Snack
209,Breakfast
209,Lunch
209,Dinner
209,Snack
210,Lunch
210,Dinner
211,Dinner
211,Snack
212,Breakfast
212,Lunch
212,Dinner
213,Snack
214,Dinner
214,Snack
215,Breakfast
216,Breakfast
216,Lunch
216,Dinner
217,Breakfast
217,Lunch
217,Dinner
217,Snack
218,Breakfast
218,Dinner
218,Snack
219,Lunch
219,Dinner
219,Snack
220,Dinner
220,Snack
221,Breakfast
221,Dinner
221,Snack
222,Breakfast
222,Dinner
223,Breakfast
223,Lunch
223,Snack
224,Breakfast
224,Dinner
224,Snack
225,Breakfast
225,Lunch
225,Dinner
225,Snack
226,Breakfast
226,Lunch
226,Snack
227,Breakfast
227,Dinner
228,Breakfast
228,Lunch
228,Dinner
228,Snack
229,Breakfast
229,Lunch
229,Snack
230,Dinner
230,Snack
231,Breakfast
231,Lunch
231,Dinner
231,Snack
232,Breakfast
232,Lunch
232,Dinner
232,Snack
233,Breakfast
233,Lunch
233,Dinner
234,Breakfast
234,Lunch
234,Dinner
234,Snack
235,Lunch
236,Breakfast
236,Lunch
236,Dinner
236,Snack
237,Breakfast
237,Lunch
237,Dinner
238,Breakfast
238,Lunch
238,Snack
239,Breakfast
239,Lunch
239,Dinner
239,Snack
240,Breakfast
240,Lunch
240,Dinner
240,Snack
241,Lunch
241,Dinner
241,Snack
242,Breakfast
242,Lunch
242,Dinner
243,Lunch
243,Dinner
243,Snack
244,Breakfast
244,Lunch
244,Dinner
244,Snack
245,Breakfast
245,Lunch
245,Dinner
245,Snack
246,Breakfast
246,Dinner
246,Snack
247,Breakfast
247,Snack
248,Breakfast
248,Lunch
248,Dinner
248,Snack
249,Breakfast
250,Breakfast
250,Dinner
250,Snack
251,Breakfast
251,Dinner
252,Breakfast
252,Dinner
252,Snack
253,Breakfast
253,Lunch
253,Dinner
253,Snack
254,Breakfast
254,Dinner
255,Breakfast
255,Lunch
255,Snack
256,Breakfast
256,Lunch
256,Snack
257,Breakfast
257,Lunch
257,Dinner
257,Snack
258,Breakfast
258,Dinner
258,Snack
259,Snack
260,Lunch
260,Dinner
260,Snack
261,Breakfast
261,Lunch
261,Dinner
261,Snack
262,Breakfast
262,Lunch
262,Dinner
262,Snack
263,Breakfast
263,Lunch
263,Dinner
263,Snack
264,Snack
265,Breakfast
265,Lunch
265,Dinner
265,Snack
266,Breakfast
266,Dinner
267,Breakfast
267,Lunch
268,Breakfast
268,Lunch
268,Dinner
268,Snack
269,Breakfast
269,Lunch
269,Dinner
269,Snack
270,Breakfast
270,Lunch
270,Snack
271,Breakfast
271,Lunch
271,Snack
272,Breakfast
272,Lunch
272,Dinner
272,Snack
273,Breakfast
273,Lunch
273,Snack
274,Breakfast
274,Lunch
274,Snack
275,Breakfast
275,Lunch
276,Breakfast
276,Lunch
276,Dinner
276,Snack
277,Lunch
277,Dinner
277,Snack
278,Breakfast
278,Lunch
278,Dinner
278,Snack
279,Breakfast
279,Lunch
279,Dinner
280,Breakfast
280,Lunch
280,Dinner
280,Snack
281,Breakfast
281,Dinner
282,Breakfast
282,Lunch
282,Dinner
282,Snack
283,Lunch
283,Dinner
284,Breakfast
284,Lunch
284,Dinner
284,Snack
285,Lunch
285,Dinner
285,Snack
286,Breakfast
286,Snack
287,Breakfast
287,Lunch
287,Snack
288,Breakfast
288,Dinner
288,Snack
289,Breakfast
289,Lunch
289,Dinner
289,Snack
290,Lunch
290,Dinner
290,Snack
291,Snack
292,Breakfast
292,Lunch
292,Dinner
293,Breakfast
293,Lunch
293,Dinner
293,Snack
294,Breakfast
294,Lunch
294,Snack
295,Breakfast
295,Lunch
295,Dinner
295,Snack
296,Breakfast
296,Lunch
296,Dinner
297,Breakfast
297,Dinner
298,Breakfast
298,Lunch
298,Dinner
298,Snack
299,Lunch
299,Dinner
300,Breakfast
300,Lunch
300,Dinner
301,Breakfast
301,Lunch
301,Dinner
301,Snack
302,Breakfast
302,Dinner
302,Snack
303,Breakfast
303,Dinner
304,Breakfast
304,Lunch
304,Snack
305,Breakfast
305,Lunch
305,Dinner
305,Snack
306,Lunch
306,Dinner
306,Snack
307,Breakfast
307,Lunch
307,Dinner
307,Snack
308,Breakfast
308,Lunch
308,Dinner
308,Snack
309,Breakfast
309,Lunch
309,Dinner
309,Snack
310,Breakfast
310,Lunch
310,Snack
311,Lunch
311,Dinner
311,Snack
312,Breakfast
312,Lunch
312,Snack
313,Breakfast
313,Lunch
313,Dinner
313,Snack
314,Breakfast
314,Lunch
314,Dinner
315,Breakfast
315,Lunch
315,Dinner
315,Snack
316,Breakfast
316,Lunch
316,Dinner
316,Snack
317,Breakfast
317,Lunch
317,Dinner
318,Breakfast
318,Lunch
318,Dinner
319,Breakfast
319,Dinner
320,Breakfast
320,Lunch
320,Dinner
320,Snack
321,Breakfast
321,Snack
322,Breakfast
322,Lunch
322,Dinner
323,Breakfast
323,Lunch
323,Dinner
324,Lunch
324,Dinner
324,Snack
325,Lunch
325,Dinner
326,Breakfast
326,Lunch
326,Snack
327,Breakfast
327,Dinner
327,Snack
328,Breakfast
328,Snack
329,Dinner
329,Snack
330,Breakfast
330,Lunch
330,Snack
331,Snack
332,Breakfast
332,Lunch
332,Dinner
332,Snack
333,Breakfast
333,Lunch
333,Dinner
333,Snack
334,Breakfast
334,Snack
335,Breakfast
335,Dinner
336,Lunch
336,Snack
337,Breakfast
337,Lunch
338,Breakfast
338,Lunch
338,Dinner
338,Snack
339,Breakfast
339,Lunch
339,Dinner
339,Snack
340,Breakfast
340,Dinner
340,Snack
341,Lunch
341,Snack
342,Breakfast
342,Lunch
342,Snack
343,Breakfast
343,Lunch
343,Dinner
343,Snack
344,Breakfast
344,Dinner
344,Snack
345,Breakfast
345,Lunch
345,Dinner
345,Snack
346,Breakfast
346,Lunch
346,Dinner
346,Snack
347,Lunch
347,Dinner
347,Snack
348,Breakfast
348,Lunch
348,Dinner
349,Breakfast
349,Lunch
349,Dinner
349,Snack
350,Breakfast
350,Lunch
350,Dinner
350,Snack
351,Lunch
351,Dinner
351,Snack
352,Breakfast
352,Dinner
352,Snack
353,Breakfast
353,Lunch
353,Dinner
353,Snack
354,Breakfast
354,Lunch
354,Snack
355,Breakfast
355,Lunch
355,Dinner
355,Snack
356,Breakfast
356,Lunch
356,Dinner
356,Snack
357,Lunch
357,Snack
358,Breakfast
358,Lunch
358,Dinner
359,Lunch
359,Dinner
359,Snack
360,Breakfast
360,Dinner
360,Snack
361,Breakfast
361,Lunch
362,Dinner
362,Snack
363,Breakfast
363,Lunch
363,Dinner
363,Snack
364,Breakfast
364,Lunch
364,Snack
365,Breakfast
365,Lunch
365,Snack
366,Breakfast
366,Dinner
366,Snack
367,Lunch
367,Dinner
367,Snack
368,Breakfast
368,Lunch
368,Dinner
368,Snack
369,Breakfast
369,Snack
370,Breakfast
370,Lunch
371,Breakfast
371,Lunch
371,Dinner
371,Snack
372,Breakfast
372,Lunch
372,Dinner
372,Snack
373,Breakfast
373,Lunch
373,Dinner
373,Snack
374,Breakfast
374,Dinner
374,Snack
375,Breakfast
375,Lunch
375,Dinner
375,Snack
376,Breakfast
376,Lunch
376,Dinner
376,Snack
377,Breakfast
377,Lunch
377,Dinner
377,Snack
378,Lunch
378,Dinner
378,Snack
379,Breakfast
379,Lunch
379,Dinner
379,Snack
380,Breakfast
380,Dinner
380,Snack
381,Breakfast
381,Dinner
381,Snack
382,Lunch
382,Dinner
383,Breakfast
383,Dinner
383,Snack
384,Breakfast
384,Dinner
384,Snack
385,Breakfast
385,Dinner
386,Breakfast
386,Lunch
386,Snack
387,Breakfast
387,Lunch
387,Dinner
388,Lunch
388,Dinner
388,Snack
389,Breakfast
389,Lunch
389,Dinner
389,Snack
390,Lunch
390,Dinner
390,Snack
391,Breakfast
391,Lunch
391,Dinner
391,Snack
392,Breakfast
392,Lunch
392,Dinner
392,Snack
393,Breakfast
393,Lunch
393,Dinner
393,Snack
394,Lunch
394,Dinner
394,Snack
395,Breakfast
395,Lunch
395,Snack
396,Lunch
396,Dinner
396,Snack
397,Breakfast
397,Lunch
397,Dinner
397,Snack
398,Breakfast
398,Lunch
398,Dinner
398,Snack
399,Breakfast
399,Lunch
399,Dinner
399,Snack
400,Breakfast
400,Lunch
401,Breakfast
401,Dinner
401,Snack
402,Lunch
402,Snack
403,Breakfast
403,Lunch
403,Dinner
403,Snack
404,Breakfast
404,Lunch
404,Dinner
404,Snack
405,Lunch
405,Snack
406,Breakfast
406,Lunch
406,Dinner
407,Breakfast
407,Lunch
407,Snack
408,Breakfast
408,Snack
409,Breakfast
409,Lunch
409,Snack
410,Breakfast
410,Lunch
410,Dinner
410,Snack
411,Breakfast
411,Lunch
411,Dinner
412,Dinner
412,Snack
413,Dinner
413,Snack
414,Lunch
414,Dinner
414,Snack
415,Breakfast
416,Breakfast
416,Lunch
416,Dinner
417,Breakfast
417,Snack
418,Breakfast
418,Lunch
419,Breakfast
419,Lunch
419,Snack
420,Lunch
421,Breakfast
421,Lunch
421,Snack
422,Breakfast
422,Dinner
423,Lunch
423,Dinner
423,Snack
424,Breakfast
424,Lunch
424,Snack
425,Breakfast
425,Lunch
425,Snack
426,Lunch
426,Snack
427,Breakfast
427,Lunch
427,Dinner
427,Snack
428,Breakfast
428,Lunch
428,Dinner
428,Snack
429,Lunch
429,Dinner
429,Snack
430,Breakfast
430,Lunch
430,Dinner
431,Lunch
431,Dinner
431,Snack
432,Breakfast
432,Dinner
432,Snack
433,Breakfast
433,Lunch
433,Dinner
433,Snack
434,Breakfast
434,Lunch
434,Snack
435,Breakfast
435,Lunch
435,Snack
436,Breakfast
436,Lunch
436,Dinner
436,Snack
437,Breakfast
437,Lunch
437,Dinner
438,Breakfast
438,Dinner
438,Snack
439,Lunch
439,Dinner
440,Breakfast
440,Lunch
440,Dinner
441,Breakfast
441,Lunch
441,Dinner
442,Breakfast
442,Dinner
442,Snack
443,Lunch
444,Lunch
444,Dinner
444,Snack
445,Breakfast
446,Breakfast
446,Snack
447,Lunch
447,Dinner
448,Breakfast
448,Lunch
448,Dinner
448,Snack
449,Breakfast
449,Lunch
450,Breakfast
450,Lunch
450,Dinner
450,Snack
451,Breakfast
451,Lunch
452,Breakfast
452,Lunch
452,Dinner
453,Breakfast
453,Lunch
453,Snack
454,Lunch
454,Snack
455,Breakfast
455,Snack
456,Breakfast
456,Lunch
456,Dinner
456,Snack
457,Lunch
457,Snack
458,Breakfast
458,Lunch
458,Snack
459,Breakfast
459,Lunch
459,Dinner
459,Snack
460,Breakfast
460,Lunch
460,Dinner
460,Snack
461,Lunch
461,Dinner
461,Snack
462,Breakfast
463,Breakfast
463,Lunch
463,Dinner
463,Snack
464,Breakfast
464,Lunch
465,Dinner
466,Lunch
466,Dinner
466,Snack
467,Lunch
467,Snack
468,Breakfast
468,Lunch
468,Dinner
468,Snack
469,Breakfast
469,Lunch
469,Snack
470,Breakfast
470,Lunch
470,Dinner
470,Snack
471,Lunch
471,Snack
472,Breakfast
472,Lunch
473,Breakfast
473,Lunch
473,Dinner
473,Snack
474,Lunch
475,Breakfast
475,Snack
476,Breakfast
476,Lunch
477,Breakfast
477,Lunch
477,Dinner
477,Snack
478,Breakfast
478,Lunch
478,Snack
479,Breakfast
479,Lunch
479,Dinner
479,Snack
480,Breakfast
480,Lunch
480,Snack
481,Lunch
482,Breakfast
482,Lunch
482,Dinner
482,Snack
483,Breakfast
483,Lunch
483,Dinner
483,Snack
484,Breakfast
484,Lunch
484,Dinner
484,Snack
485,Breakfast
485,Lunch
485,Dinner
485,Snack
486,Breakfast
486,Snack
487,Lunch
488,Breakfast
488,Lunch
488,Dinner
488,Snack
489,Breakfast
489,Lunch
489,Dinner
490,Breakfast
490,Lunch
490,Snack
491,Breakfast
491,Lunch
491,Dinner
491,Snack
492,Breakfast
492,Dinner
492,Snack
493,Breakfast
493,Lunch
493,Dinner
493,Snack
494,Lunch
494,Snack
495,Breakfast
495,Lunch
495,Snack
496,Breakfast
496,Dinner
496,Snack
497,Breakfast
497,Lunch
497,Dinner
497,Snack
498,Breakfast
498,Lunch
498,Dinner
498,Snack
499,Lunch
499,Dinner
500,Lunch
500,Snack
501,Breakfast
501,Dinner
502,Lunch
502,Dinner
502,Snack
503,Breakfast
503,Lunch
503,Dinner
503,Snack
504,Breakfast
504,Lunch
504,Snack
505,Breakfast
505,Lunch
505,Dinner
505,Snack
506,Breakfast
506,Lunch
506,Dinner
506,Snack
507,Breakfast
507,Dinner
507,Snack
508,Breakfast
508,Lunch
508,Dinner
508,Snack
509,Breakfast
509,Lunch
509,Dinner
509,Snack
510,Breakfast
510,Dinner
510,Snack
511,Breakfast
511,Dinner
512,Dinner
512,Snack
513,Breakfast
513,Lunch
513,Dinner
513,Snack
514,Breakfast
514,Lunch
514,Dinner
514,Snack
515,Breakfast
515,Lunch
515,Dinner
515,Snack
516,Lunch
517,Breakfast
517,Lunch
517,Dinner
517,Snack
518,Lunch
518,Dinner
518,Snack
519,Snack
520,Dinner
520,Snack
521,Breakfast
521,Lunch
521,Dinner
521,Snack
522,Breakfast
522,Lunch
522,Dinner
523,Breakfast
523,Lunch
523,Dinner
523,Snack
524,Breakfast
524,Lunch
524,Dinner
524,Snack
525,Breakfast
526,Breakfast
526,Lunch
526,Dinner
527,Breakfast
527,Lunch
527,Dinner
527,Snack
528,Breakfast
528,Lunch
528,Dinner
528,Snack
529,Breakfast
529,Lunch
530,Lunch
530,Dinner
530,Snack
531,Breakfast
531,Lunch
531,Dinner
532,Breakfast
532,Lunch
532,Snack
533,Breakfast
533,Lunch
533,Dinner
533,Snack
534,Lunch
534,Dinner
535,Breakfast
535,Dinner
535,Snack
536,Lunch
536,Dinner
537,Lunch
537,Dinner
537,Snack
538,Breakfast
538,Lunch
538,Snack
539,Breakfast
539,Lunch
539,Dinner
539,Snack
540,Breakfast
540,Lunch
540,Dinner
540,Snack
541,Breakfast
541,Lunch
541,Snack
542,Breakfast
542,Snack
543,Lunch
543,Snack
544,Breakfast
544,Dinner
544,Snack
545,Dinner
545,Snack
546,Breakfast
546,Lunch
546,Snack
547,Breakfast
547,Lunch
547,Snack
548,Lunch
548,Snack
549,Lunch
549,Dinner
549,Snack
550,Lunch
550,Dinner
550,Snack
551,Breakfast
551,Dinner
551,Snack
552,Breakfast
552,Dinner
553,Breakfast
553,Lunch
553,Dinner
553,Snack
554,Lunch
554,Snack
555,Breakfast
555,Lunch
555,Dinner
555,Snack
556,Breakfast
556,Lunch
556,Dinner
556,Snack
557,Breakfast
557,Dinner
558,Breakfast
558,Lunch
558,Dinner
558,Snack
559,Lunch
559,Dinner
559,Snack
560,Lunch
560,Dinner
560,Snack
561,Breakfast
561,Lunch
561,Dinner
562,Breakfast
562,Lunch
562,Dinner
562,Snack
563,Breakfast
563,Lunch
563,Snack
564,Breakfast
564,Lunch
564,Dinner
564,Snack
565,Breakfast
565,Snack
566,Breakfast
566,Lunch
566,Snack
567,Breakfast
567,Lunch
567,Snack
568,Lunch
568,Dinner
568,Snack
569,Lunch
569,Dinner
570,Breakfast
570,Lunch
570,Dinner
570,Snack
571,Breakfast
571,Lunch
571,Dinner
572,Breakfast
572,Snack
573,Breakfast
573,Dinner
573,Snack
574,Breakfast
574,Lunch
574,Snack
575,Breakfast
575,Lunch
575,Dinner
575,Snack
576,Breakfast
576,Lunch
576,Dinner
576,Snack
577,Dinner
577,Snack
578,Breakfast
578,Lunch
578,Dinner
578,Snack
579,Breakfast
579,Lunch
579,Dinner
580,Breakfast
580,Lunch
580,Dinner
581,Lunch
581,Dinner
581,Snack
582,Breakfast
582,Lunch
582,Dinner
583,Breakfast
583,Lunch
583,Dinner
583,Snack
584,Breakfast
584,Lunch
584,Dinner
584,Snack
585,Breakfast
585,Lunch
585,Dinner
585,Snack
586,Breakfast
586,Lunch
586,Dinner
587,Breakfast
587,Lunch
587,Dinner
587,Snack
588,Lunch
588,Snack
589,Breakfast
589,Lunch
589,Dinner
589,Snack
590,Breakfast
591,Breakfast
591,Lunch
591,Dinner
591,Snack
592,Breakfast
592,Dinner
592,Snack
593,Breakfast
593,Lunch
594,Breakfast
594,Lunch
594,Dinner
594,Snack
595,Lunch
595,Dinner
595,Snack
596,Breakfast
596,Lunch
596,Dinner
596,Snack
597,Lunch
597,Dinner
597,Snack
598,Lunch
598,Dinner
598,Snack
599,Breakfast
599,Dinner
599,Snack
600,Breakfast
600,Lunch
600,Snack
601,Lunch
602,Breakfast
602,Lunch
602,Dinner
603,Lunch
603,Dinner
603,Snack
604,Breakfast
604,Lunch
604,Dinner
604,Snack
605,Lunch
605,Snack
606,Breakfast
606,Dinner
606,Snack
607,Breakfast
607,Lunch
607,Dinner
607,Snack
608,Breakfast
608,Lunch
608,Dinner
608,Snack
609,Breakfast
609,Lunch
609,Dinner
609,Snack
610,Breakfast
610,Lunch
611,Breakfast
611,Lunch
612,Lunch
612,Snack
613,Breakfast
613,Lunch
613,Dinner
613,Snack
614,Breakfast
614,Lunch
614,Dinner
615,Breakfast
615,Dinner
616,Breakfast
616,Lunch
617,Breakfast
617,Dinner
617,Snack
618,Breakfast
618,Lunch
619,Breakfast
619,Lunch
619,Dinner
619,Snack
620,Lunch
620,Snack
621,Breakfast
621,Lunch
621,Dinner
621,Snack
622,Breakfast
622,Lunch
622,Dinner
623,Breakfast
623,Lunch
623,Dinner
624,Breakfast
624,Lunch
624,Dinner
624,Snack
625,Lunch
625,Dinner
625,Snack
626,Lunch
626,Dinner
626,Snack
627,Breakfast
627,Lunch
627,Dinner
627,Snack
628,Dinner
629,Breakfast
629,Dinner
630,Lunch
630,Dinner
630,Snack
631,Lunch
631,Dinner
631,Snack
632,Lunch
632,Dinner
632,Snack
633,Breakfast
633,Lunch
633,Dinner
634,Breakfast
634,Lunch
634,Dinner
634,Snack
635,Breakfast
635,Lunch
635,Snack
636,Breakfast
636,Lunch
636,Dinner
637,Breakfast
637,Lunch
637,Dinner
638,Lunch
638,Dinner
639,Breakfast
639,Lunch
639,Dinner
639,Snack
640,Breakfast
640,Lunch
640,Dinner
640,Snack
641,Breakfast
641,Dinner
641,Snack
642,Breakfast
642,Dinner
642,Snack
643,Breakfast
643,Lunch
643,Dinner
644,Breakfast
644,Dinner
644,Snack
645,Breakfast
645,Lunch
645,Dinner
645,Snack
646,Breakfast
646,Lunch
646,Dinner
646,Snack
647,Breakfast
647,Lunch
647,Dinner
647,Snack
648,Lunch
648,Dinner
648,Snack
649,Lunch
649,Dinner
649,Snack
650,Breakfast
650,Lunch
650,Dinner
651,Breakfast
651,Lunch
651,Dinner
652,Breakfast
652,Dinner
652,Snack
653,Breakfast
653,Lunch
653,Dinner
653,Snack
654,Breakfast
654,Lunch
654,Dinner
654,Snack
655,Breakfast
655,Snack
656,Breakfast
656,Lunch
656,Dinner
656,Snack
657,Breakfast
657,Snack
658,Breakfast
658,Lunch
658,Dinner
658,Snack
659,Breakfast
659,Lunch
659,Dinner
659,Snack
660,Breakfast
660,Snack
661,Breakfast
661,Lunch
661,Dinner
661,Snack
662,Breakfast
662,Dinner
662,Snack
663,Breakfast
663,Lunch
663,Dinner
663,Snack
664,Breakfast
665,Breakfast
665,Lunch
665,Dinner
666,Breakfast
666,Lunch
666,Dinner
666,Snack
667,Breakfast
667,Lunch
667,Dinner
667,Snack
668,Lunch
668,Dinner
669,Breakfast
669,Lunch
669,Dinner
669,Snack
670,Breakfast
670,Lunch
670,Dinner
670,Snack
671,Breakfast
671,Lunch
671,Snack
672,Breakfast
672,Lunch
672,Dinner
672,Snack
673,Lunch
674,Breakfast
674,Lunch
674,Dinner
674,Snack
675,Breakfast
675,Lunch
675,Dinner
675,Snack
676,Lunch
676,Dinner
676,Snack
677,Breakfast
677,Snack
678,Breakfast
678,Lunch
679,Breakfast
679,Lunch
679,Dinner
679,Snack
680,Breakfast
680,Lunch
680,Dinner
680,Snack
681,Breakfast
681,Lunch
681,Snack
682,Breakfast
682,Lunch
682,Dinner
682,Snack
683,Breakfast
683,Snack
684,Lunch
684,Dinner
684,Snack
685,Dinner
686,Breakfast
686,Lunch
686,Snack
687,Breakfast
687,Lunch
688,Breakfast
688,Lunch
688,Dinner
689,Breakfast
689,Dinner
689,Snack
690,Dinner
690,Snack
691,Snack
692,Breakfast
692,Lunch
692,Dinner
692,Snack
693,Breakfast
693,Lunch
693,Dinner
693,Snack
694,Lunch
694,Dinner
694,Snack
695,Breakfast
695,Lunch
695,Snack
696,Breakfast
696,Lunch
696,Dinner
696,Snack
697,Lunch
697,Dinner
697,Snack
698,Breakfast
698,Lunch
698,Snack
699,Breakfast
699,Lunch
699,Dinner
699,Snack
700,Breakfast
700,Lunch
700,Dinner
700,Snack
701,Dinner
701,Snack
702,Breakfast
702,Lunch
702,Dinner
703,Breakfast
703,Lunch
704,Breakfast
704,Lunch
704,Dinner
704,Snack
705,Breakfast
705,Lunch
705,Dinner
706,Breakfast
706,Lunch
706,Dinner
706,Snack
707,Lunch
708,Breakfast
708,Lunch
708,Dinner
708,Snack
709,Breakfast
709,Lunch
710,Breakfast
710,Snack
711,Lunch
711,Dinner
711,Snack
712,Breakfast
712,Snack
713,Breakfast
713,Lunch
713,Dinner
714,Breakfast
714,Lunch
714,Dinner
714,Snack
715,Breakfast
715,Lunch
715,Dinner
716,Lunch
716,Snack
717,Breakfast
717,Lunch
717,Dinner
717,Snack
718,Breakfast
718,Dinner
718,Snack
719,Lunch
719,Dinner
719,Snack
720,Breakfast
720,Lunch
720,Dinner
722,Breakfast
722,Dinner
722,Snack
723,Breakfast
723,Lunch
723,Dinner
723,Snack
724,Breakfast
724,Dinner
725,Breakfast
725,Dinner
725,Snack
726,Breakfast
726,Lunch
726,Dinner
727,Breakfast
727,Lunch
727,Dinner
727,Snack
728,Breakfast
728,Lunch
728,Dinner
728,Snack
729,Lunch
729,Snack
730,Lunch
730,Dinner
730,Snack
731,Lunch
731,Dinner
732,Breakfast
732,Lunch
732,Dinner
732,Snack
733,Breakfast
733,Lunch
733,Dinner
733,Snack
734,Breakfast
734,Lunch
734,Dinner
734,Snack
735,Breakfast
735,Lunch
735,Snack
736,Breakfast
736,Lunch
736,Dinner
736,Snack
737,Breakfast
737,Dinner
737,Snack
738,Breakfast
738,Lunch
738,Snack
739,Lunch
739,Dinner
739,Snack
740,Lunch
740,Dinner
740,Snack
741,Breakfast
741,Dinner
742,Breakfast
742,Lunch
742,Snack
743,Lunch
743,Dinner
743,Snack
744,Breakfast
744,Lunch
744,Dinner
744,Snack
745,Breakfast
745,Lunch
745,Dinner
745,Snack
746,Breakfast
746,Lunch
746,Snack
747,Breakfast
747,Lunch
747,Dinner
747,Snack
748,Lunch
749,Breakfast
749,Dinner
750,Breakfast
750,Snack
751,Breakfast
751,Dinner
751,Snack
752,Breakfast
752,Lunch
752,Dinner
752,Snack
753,Breakfast
753,Dinner
753,Snack
754,Breakfast
754,Lunch
754,Dinner
755,Breakfast
755,Lunch
755,Dinner
756,Breakfast
756,Dinner
756,Snack
757,Breakfast
758,Breakfast
758,Dinner
759,Lunch
759,Dinner
759,Snack
760,Breakfast
760,Dinner
760,Snack
761,Breakfast
761,Dinner
761,Snack
762,Breakfast
762,Lunch
762,Dinner
763,Dinner
763,Snack
764,Breakfast
764,Dinner
764,Snack
765,Breakfast
765,Lunch
765,Dinner
765,Snack
766,Breakfast
766,Lunch
766,Dinner
766,Snack
767,Breakfast
767,Lunch
767,Dinner
767,Snack
768,Lunch
768,Snack
769,Breakfast
769,Lunch
769,Dinner
769,Snack
770,Breakfast
770,Snack
771,Snack
772,Breakfast
772,Lunch
772,Dinner
772,Snack
773,Breakfast
773,Lunch
773,Dinner
773,Snack
774,Breakfast
774,Lunch
774,Dinner
774,Snack
775,Lunch
775,Snack
776,Breakfast
776,Lunch
776,Dinner
776,Snack
777,Breakfast
777,Dinner
777,Snack
778,Breakfast
778,Lunch
779,Lunch
779,Dinner
779,Snack
780,Lunch
780,Dinner
781,Lunch
781,Dinner
781,Snack
782,Breakfast
782,Lunch
783,Lunch
783,Dinner
784,Breakfast
784,Lunch
784,Dinner
784,Snack
785,Lunch
785,Dinner
786,Breakfast
786,Lunch
786,Dinner
786,Snack
787,Breakfast
787,Dinner
787,Snack
788,Lunch
788,Dinner
788,Snack
789,Breakfast
789,Lunch
789,Snack
790,Breakfast
790,Lunch
790,Snack
791,Lunch
791,Dinner
791,Snack
792,Breakfast
792,Lunch
793,Snack
794,Breakfast
794,Dinner
794,Snack
795,Lunch
795,Dinner
795,Snack
796,Breakfast
796,Lunch
796,Dinner
796,Snack
797,Breakfast
797,Lunch
797,Dinner
797,Snack
798,Breakfast
798,Lunch
798,Dinner
798,Snack
799,Lunch
799,Dinner
799,Snack
800,Breakfast
800,Lunch
800,Dinner
800,Snack
801,Breakfast
801,Lunch
801,Dinner
801,Snack
802,Breakfast
802,Dinner
802,Snack
803,Breakfast
803,Lunch
803,Dinner
803,Snack
804,Breakfast
804,Lunch
804,Snack
805,Dinner
805,Snack
806,Breakfast
806,Lunch
806,Dinner
806,Snack
807,Breakfast
807,Lunch
807,Dinner
807,Snack
808,Breakfast
808,Lunch
808,Dinner
808,Snack
809,Breakfast
809,Lunch
809,Dinner
809,Snack
810,Lunch
810,Dinner
810,Snack
811,Lunch
811,Dinner
812,Breakfast
812,Lunch
812,Dinner
812,Snack
813,Breakfast
813,Snack
814,Breakfast
814,Dinner
814,Snack
815,Breakfast
815,Snack
816,Dinner
816,Snack
817,Dinner
818,Breakfast
818,Dinner
818,Snack
819,Breakfast
819,Dinner
819,Snack
820,Breakfast
820,Lunch
820,Dinner
820,Snack
821,Breakfast
821,Lunch
821,Dinner
821,Snack
822,Breakfast
822,Lunch
822,Dinner
822,Snack
823,Breakfast
823,Lunch
823,Dinner
824,Breakfast
824,Lunch
824,Dinner
825,Dinner
825,Snack
826,Breakfast
826,Lunch
826,Dinner
826,Snack
827,Breakfast
827,Lunch
827,Dinner
827,Snack
828,Lunch
828,Dinner
828,Snack
829,Breakfast
829,Lunch
829,Dinner
829,Snack
830,Breakfast
830,Lunch
830,Snack
831,Lunch
832,Dinner
832,Snack
833,Dinner
833,Snack
834,Breakfast
834,Lunch
834,Dinner
834,Snack
835,Breakfast
835,Lunch
835,Dinner
836,Lunch
836,Dinner
836,Snack
837,Breakfast
837,Lunch
837,Dinner
837,Snack
838,Breakfast
838,Lunch
838,Snack
839,Breakfast
839,Lunch
839,Dinner
839,Snack
840,Dinner
840,Snack
841,Breakfast
841,Dinner
841,Snack
842,Breakfast
842,Dinner
842,Snack
843,Breakfast
843,Dinner
843,Snack
844,Breakfast
844,Lunch
844,Dinner
844,Snack
845,Breakfast
845,Lunch
845,Dinner
845,Snack
846,Breakfast
846,Dinner
847,Breakfast
847,Lunch
847,Snack
848,Breakfast
848,Dinner
848,Snack
849,Breakfast
849,Lunch
849,Dinner
850,Lunch
850,Dinner
851,Lunch
851,Snack
852,Breakfast
852,Lunch
852,Snack
853,Breakfast
853,Lunch
853,Dinner
853,Snack
854,Breakfast
854,Lunch
854,Dinner
854,Snack
855,Breakfast
855,Lunch
855,Snack
856,Dinner
856,Snack
857,Breakfast
857,Lunch
857,Snack
858,Breakfast
858,Lunch
859,Breakfast
859,Dinner
859,Snack
860,Lunch
860,Dinner
860,Snack
861,Breakfast
861,Lunch
861,Dinner
861,Snack
862,Breakfast
862,Lunch
862,Dinner
863,Breakfast
863,Lunch
863,Snack
864,Breakfast
864,Snack
865,Lunch
865,Dinner
865,Snack
866,Breakfast
866,Dinner
866,Snack
867,Breakfast
867,Lunch
867,Dinner
867,Snack
868,Breakfast
868,Dinner
869,Lunch
869,Dinner
869,Snack
870,Breakfast
870,Lunch
870,Snack
871,Breakfast
871,Lunch
871,Snack
872,Breakfast
872,Dinner
872,Snack
873,Dinner
873,Snack
874,Breakfast
874,Lunch
874,Dinner
874,Snack
875,Breakfast
875,Lunch
875,Dinner
875,Snack
876,Lunch
876,Snack
877,Lunch
877,Dinner
877,Snack
878,Breakfast
878,Lunch
878,Dinner
878,Snack
879,Breakfast
879,Lunch
879,Dinner
879,Snack
880,Breakfast
880,Lunch
880,Dinner
880,Snack
881,Lunch
881,Dinner
882,Breakfast
882,Lunch
882,Dinner
883,Breakfast
883,Lunch
883,Dinner
883,Snack
884,Breakfast
884,Lunch
884,Dinner
884,Snack
885,Breakfast
885,Lunch
885,Dinner
885,Snack
886,Dinner
887,Breakfast
887,Lunch
887,Dinner
887,Snack
888,Breakfast
888,Lunch
889,Breakfast
889,Dinner
889,Snack
890,Lunch
890,Snack
891,Breakfast
891,Lunch
891,Dinner
891,Snack
892,Breakfast
892,Dinner
892,Snack
893,Breakfast
893,Lunch
893,Dinner
894,Lunch
894,Dinner
895,Lunch
895,Dinner
895,Snack
896,Breakfast
896,Lunch
896,Dinner
897,Breakfast
897,Lunch
897,Dinner
898,Breakfast
898,Lunch
898,Dinner
898,Snack
899,Breakfast
899,Lunch
899,Dinner
899,Snack
900,Dinner
901,Breakfast
901,Snack
902,Breakfast
902,Lunch
902,Dinner
902,Snack
903,Breakfast
903,Lunch
903,Snack
904,Breakfast
904,Dinner
904,Snack
905,Lunch
905,Snack
906,Breakfast
906,Lunch
906,Dinner
906,Snack
907,Breakfast
907,Lunch
907,Dinner
908,Lunch
908,Dinner
908,Snack
909,Lunch
909,Dinner
909,Snack
910,Snack
911,Lunch
911,Snack
912,Lunch
912,Dinner
912,Snack
913,Lunch
913,Dinner
914,Breakfast
914,Lunch
914,Dinner
914,Snack
915,Breakfast
915,Lunch
915,Dinner
915,Snack
916,Breakfast
916,Lunch
916,Dinner
917,Breakfast
917,Dinner
917,Snack
918,Breakfast
918,Lunch
918,Dinner
918,Snack
919,Lunch
919,Snack
920,Breakfast
920,Dinner
920,Snack
921,Lunch
921,Dinner
921,Snack
922,Breakfast
922,Snack
923,Lunch
923,Dinner
923,Snack
924,Breakfast
924,Dinner
925,Breakfast
925,Lunch
925,Snack
926,Breakfast
926,Lunch
927,Breakfast
927,Dinner
927,Snack
928,Breakfast
928,Lunch
928,Snack
929,Lunch
929,Snack
930,Lunch
930,Dinner
930,Snack
931,Breakfast
931,Lunch
931,Dinner
931,Snack
932,Dinner
932,Snack
933,Breakfast
933,Lunch
933,Dinner
933,Snack
934,Lunch
935,Breakfast
935,Lunch
935,Dinner
935,Snack
936,Lunch
936,Dinner
936,Snack
937,Breakfast
937,Lunch
937,Snack
938,Breakfast
938,Lunch
938,Snack
939,Breakfast
939,Lunch
939,Dinner
939,Snack
940,Lunch
940,Snack
941,Breakfast
941,Lunch
941,Dinner
941,Snack
942,Breakfast
942,Lunch
942,Snack
943,Breakfast
943,Lunch
943,Dinner
943,Snack
944,Breakfast
944,Lunch
944,Snack
945,Breakfast
945,Lunch
945,Dinner
945,Snack
946,Breakfast
946,Snack
947,Breakfast
947,Lunch
947,Snack
948,Breakfast
948,Dinner
948,Snack
949,Breakfast
949,Dinner
949,Snack
950,Breakfast
950,Lunch
950,Dinner
951,Lunch
951,Dinner
951,Snack
952,Breakfast
952,Lunch
952,Dinner
952,Snack
953,Breakfast
953,Lunch
953,Dinner
953,Snack
954,Breakfast
954,Lunch
954,Dinner
954,Snack
955,Lunch
955,Dinner
956,Breakfast
956,Lunch
956,Snack
957,Breakfast
957,Lunch
957,Dinner
957,Snack
958,Breakfast
958,Lunch
958,Snack
959,Breakfast
959,Dinner
959,Snack
960,Breakfast
960,Lunch
960,Dinner
960,Snack
961,Breakfast
961,Snack
962,Lunch
962,Dinner
962,Snack
963,Breakfast
963,Lunch
963,Dinner
963,Snack
964,Breakfast
964,Lunch
964,Dinner
964,Snack
965,Breakfast
965,Lunch
965,Dinner
966,Breakfast
966,Lunch
966,Dinner
966,Snack
967,Breakfast
967,Lunch
967,Snack
968,Breakfast
968,Lunch
968,Dinner
968,Snack
969,Breakfast
969,Lunch
969,Dinner
970,Breakfast
970,Lunch
970,Dinner
970,Snack
971,Breakfast
971,Lunch
971,Snack
972,Breakfast
972,Lunch
972,Dinner
972,Snack
973,Breakfast
973,Lunch
973,Dinner
974,Breakfast
974,Lunch
974,Dinner
974,Snack
975,Dinner
975,Snack
976,Breakfast
976,Dinner
976,Snack
977,Breakfast
977,Dinner
977,Snack
978,Breakfast
978,Lunch
978,Dinner
978,Snack
979,Lunch
979,Dinner
979,Snack
980,Lunch
980,Dinner
980,Snack
981,Breakfast
981,Lunch
981,Dinner
982,Breakfast
982,Dinner
982,Snack
983,Breakfast
983,Lunch
983,Snack
984,Lunch
984,Dinner
984,Snack
985,Breakfast
985,Lunch
985,Dinner
985,Snack
986,Breakfast
986,Lunch
986,Dinner
987,Breakfast
987,Dinner
987,Snack
988,Breakfast
988,Dinner
989,Breakfast
989,Snack
990,Breakfast
990,Lunch
990,Snack
991,Breakfast
991,Dinner
991,Snack
992,Breakfast
992,Lunch
992,Dinner
993,Breakfast
993,Dinner
993,Snack
994,Lunch
994,Dinner
995,Lunch
995,Dinner
995,Snack
996,Breakfast
996,Lunch
996,Dinner
996,Snack
997,Breakfast
997,Dinner
998,Lunch
998,Dinner
998,Snack
999,Breakfast
999,Lunch